Series Name,Series Code,Country Name,Country Code,2022 [YR2022]
GDP per capita, PPP (constant 2021 international $),NY.GDP.PCAP.PP.KD,Afghanistan,AFG,1981.71016810561
GDP per capita, PPP (constant 2021 international $),NY.GDP.PCAP.PP.KD,Albania,ALB,19388.8550602564
GDP per capita, PPP (constant 2021 international $),NY.GDP.PCAP.PP.KD,Algeria,DZA,14782.2002970247
GDP per capita, PPP (constant 2021 international $),NY.GDP.PCAP.PP.KD,American Samoa,ASM,..
GDP per capita, PPP (constant 2021 international $),NY.GDP.PCAP.PP.KD,Andorra,AND,63913.3835079105
GDP per capita, PPP (constant 2021 international $),NY.GDP.PCAP.PP.KD,Angola,AGO,8950.14259255142
GDP per capita, PPP (constant 2021 international $),NY.GDP.PCAP.PP.KD,Antigua and Barbuda,ATG,27941.7851474762
GDP per capita, PPP (constant 2021 international $),NY.GDP.PCAP.PP.KD,Argentina,ARG,27825.0273492567
GDP per capita, PPP (constant 2021 international $),NY.GDP.PCAP.PP.KD,Armenia,ARM,17886.1783877168
GDP per capita, PPP (constant 2021 international $),NY.GDP.PCAP.PP.KD,Aruba,ABW,38979.8358245412
GDP per capita, PPP (constant 2021 international $),NY.GDP.PCAP.PP.KD,Australia,AUS,60029.1329190733
GDP per capita, PPP (constant 2021 international $),NY.GDP.PCAP.PP.KD,Austria,AUT,65694.5513287254
GDP per capita, PPP (constant 2021 international $),NY.GDP.PCAP.PP.KD,Azerbaijan,AZE,21051.2442291612
"GDP per capita, PPP (constant 2021 international $),NY.GDP.PCAP.PP.KD,""Bahamas, The"",BHS,34342.9285316569"
GDP per capita, PPP (constant 2021 international $),NY.GDP.PCAP.PP.KD,Bahrain,BHR,57572.997981018
GDP per capita, PPP (constant 2021 international $),NY.GDP.PCAP.PP.KD,Bangladesh,BGD,7888.16389098304
GDP per capita, PPP (constant 2021 international $),NY.GDP.PCAP.PP.KD,Barbados,BRB,20716.2851304966
GDP per capita, PPP (constant 2021 international $),NY.GDP.PCAP.PP.KD,Belarus,BLR,26537.5083081674
GDP per capita, PPP (constant 2021 international $),NY.GDP.PCAP.PP.KD,Belgium,BEL,62561.7810453236
GDP per capita, PPP (constant 2021 international $),NY.GDP.PCAP.PP.KD,Belize,BLZ,12565.3645829576
GDP per capita, PPP (constant 2021 international $),NY.GDP.PCAP.PP.KD,Benin,BEN,3588.32519938147
GDP per capita, PPP (constant 2021 international $),NY.GDP.PCAP.PP.KD,Bermuda,BMU,98145.1689383889
GDP per capita, PPP (constant 2021 international $),NY.GDP.PCAP.PP.KD,Bhutan,BTN,14061.3120274588
GDP per capita, PPP (constant 2021 international $),NY.GDP.PCAP.PP.KD,Bolivia,BOL,11487.7148799194
GDP per capita, PPP (constant 2021 international $),NY.GDP.PCAP.PP.KD,Bosnia and Herzegovina,BIH,19298.1814903752
GDP per capita, PPP (constant 2021 international $),NY.GDP.PCAP.PP.KD,Botswana,BWA,18647.3734588832
GDP per capita, PPP (constant 2021 international $),NY.GDP.PCAP.PP.KD,Brazil,BRA,18554.0461828519
GDP per capita, PPP (constant 2021 international $),NY.GDP.PCAP.PP.KD,British Virgin Islands,VGB,..
GDP per capita, PPP (constant 2021 international $),NY.GDP.PCAP.PP.KD,Brunei Darussalam,BRN,76357.829114996
GDP per capita, PPP (constant 2021 international $),NY.GDP.PCAP.PP.KD,Bulgaria,BGR,32433.8830906237
GDP per capita, PPP (constant 2021 international $),NY.GDP.PCAP.PP.KD,Burkina Faso,BFA,2469.19956941259
GDP per capita, PPP (constant 2021 international $),NY.GDP.PCAP.PP.KD,Burundi,BDI,1031.25412243175
GDP per capita, PPP (constant 2021 international $),NY.GDP.PCAP.PP.KD,Cabo Verde,CPV,8850.1066918812
GDP per capita, PPP (constant 2021 international $),NY.GDP.PCAP.PP.KD,Cambodia,KHM,6458.3681488084
GDP per capita, PPP (constant 2021 international $),NY.GDP.PCAP.PP.KD,Cameroon,CMR,4843.65038202917
GDP per capita, PPP (constant 2021 international $),NY.GDP.PCAP.PP.KD,Canada,CAN,58321.0611834624
GDP per capita, PPP (constant 2021 international $),NY.GDP.PCAP.PP.KD,Cayman Islands,CYM,76818.8004032916
GDP per capita, PPP (constant 2021 international $),NY.GDP.PCAP.PP.KD,Central African Republic,CAF,1136.80171107045
GDP per capita, PPP (constant 2021 international $),NY.GDP.PCAP.PP.KD,Chad,TCD,2449.48251052484
GDP per capita, PPP (constant 2021 international $),NY.GDP.PCAP.PP.KD,Channel Islands,CHI,..
GDP per capita, PPP (constant 2021 international $),NY.GDP.PCAP.PP.KD,Chile,CHL,29569.4775527937
GDP per capita, PPP (constant 2021 international $),NY.GDP.PCAP.PP.KD,China,CHN,21499.3822834427
GDP per capita, PPP (constant 2021 international $),NY.GDP.PCAP.PP.KD,Colombia,COL,18458.7209460704
GDP per capita, PPP (constant 2021 international $),NY.GDP.PCAP.PP.KD,Comoros,COM,3399.27830776976
"GDP per capita, PPP (constant 2021 international $),NY.GDP.PCAP.PP.KD,""Congo, Dem. Rep."",COD,1484.33841881449"
"GDP per capita, PPP (constant 2021 international $),NY.GDP.PCAP.PP.KD,""Congo, Rep."",COG,6205.1050414034"
GDP per capita, PPP (constant 2021 international $),NY.GDP.PCAP.PP.KD,Costa Rica,CRI,24831.7193480342
GDP per capita, PPP (constant 2021 international $),NY.GDP.PCAP.PP.KD,Cote d'Ivoire,CIV,6272.26395759415
GDP per capita, PPP (constant 2021 international $),NY.GDP.PCAP.PP.KD,Croatia,HRV,39863.9397386034
GDP per capita, PPP (constant 2021 international $),NY.GDP.PCAP.PP.KD,Cuba,CUB,..
GDP per capita, PPP (constant 2021 international $),NY.GDP.PCAP.PP.KD,Curacao,CUW,26734.6457811916
GDP per capita, PPP (constant 2021 international $),NY.GDP.PCAP.PP.KD,Cyprus,CYP,50623.6953125
GDP per capita, PPP (constant 2021 international $),NY.GDP.PCAP.PP.KD,Czechia,CZE,48390.661678675
GDP per capita, PPP (constant 2021 international $),NY.GDP.PCAP.PP.KD,Denmark,DNK,69475.3198650883
GDP per capita, PPP (constant 2021 international $),NY.GDP.PCAP.PP.KD,Djibouti,DJI,6180.67998594606
GDP per capita, PPP (constant 2021 international $),NY.GDP.PCAP.PP.KD,Dominica,DMA,17550.8009946466
GDP per capita, PPP (constant 2021 international $),NY.GDP.PCAP.PP.KD,Dominican Republic,DOM,22986.95808105
GDP per capita, PPP (constant 2021 international $),NY.GDP.PCAP.PP.KD,Ecuador,ECU,14186.6388544625
"GDP per capita, PPP (constant 2021 international $),NY.GDP.PCAP.PP.KD,""Egypt, Arab Rep."",EGY,16360.3907750364"
GDP per capita, PPP (constant 2021 international $),NY.GDP.PCAP.PP.KD,El Salvador,SLV,11085.6178074688
GDP per capita, PPP (constant 2021 international $),NY.GDP.PCAP.PP.KD,Equatorial Guinea,GNQ,16932.7706827155
GDP per capita, PPP (constant 2021 international $),NY.GDP.PCAP.PP.KD,Eritrea,ERI,..
GDP per capita, PPP (constant 2021 international $),NY.GDP.PCAP.PP.KD,Estonia,EST,43128.6327713627
GDP per capita, PPP (constant 2021 international $),NY.GDP.PCAP.PP.KD,Eswatini,SWZ,9927.60567008139
GDP per capita, PPP (constant 2021 international $),NY.GDP.PCAP.PP.KD,Ethiopia,ETH,2655.59276743729
GDP per capita, PPP (constant 2021 international $),NY.GDP.PCAP.PP.KD,Faroe Islands,FRO,70256.7191950519
GDP per capita, PPP (constant 2021 international $),NY.GDP.PCAP.PP.KD,Fiji,FJI,12118.3182710082
GDP per capita, PPP (constant 2021 international $),NY.GDP.PCAP.PP.KD,Finland,FIN,57068.3056478074
GDP per capita, PPP (constant 2021 international $),NY.GDP.PCAP.PP.KD,France,FRA,53673.8137406422
GDP per capita, PPP (constant 2021 international $),NY.GDP.PCAP.PP.KD,French Polynesia,PYF,..
GDP per capita, PPP (constant 2021 international $),NY.GDP.PCAP.PP.KD,Gabon,GAB,18662.0497970621
"GDP per capita, PPP (constant 2021 international $),NY.GDP.PCAP.PP.KD,""Gambia, The"",GMB,2863.18049829859"
GDP per capita, PPP (constant 2021 international $),NY.GDP.PCAP.PP.KD,Georgia,GEO,20966.5280391134
GDP per capita, PPP (constant 2021 international $),NY.GDP.PCAP.PP.KD,Germany,DEU,63676.087821808
GDP per capita, PPP (constant 2021 international $),NY.GDP.PCAP.PP.KD,Ghana,GHA,6728.45414012286
GDP per capita, PPP (constant 2021 international $),NY.GDP.PCAP.PP.KD,Gibraltar,GIB,..
GDP per capita, PPP (constant 2021 international $),NY.GDP.PCAP.PP.KD,Greece,GRC,35831.3441781205
GDP per capita, PPP (constant 2021 international $),NY.GDP.PCAP.PP.KD,Greenland,GRL,70681.2253902158
GDP per capita, PPP (constant 2021 international $),NY.GDP.PCAP.PP.KD,Grenada,GRD,16376.4273099594
GDP per capita, PPP (constant 2021 international $),NY.GDP.PCAP.PP.KD,Guam,GUM,..
GDP per capita, PPP (constant 2021 international $),NY.GDP.PCAP.PP.KD,Guatemala,GTM,12147.9309684074
GDP per capita, PPP (constant 2021 international $),NY.GDP.PCAP.PP.KD,Guinea,GIN,3792.01068836277
GDP per capita, PPP (constant 2021 international $),NY.GDP.PCAP.PP.KD,Guinea-Bissau,GNB,2603.24022588591
GDP per capita, PPP (constant 2021 international $),NY.GDP.PCAP.PP.KD,Guyana,GUY,37068.1993827588
GDP per capita, PPP (constant 2021 international $),NY.GDP.PCAP.PP.KD,Haiti,HTI,3057.42840826502
GDP per capita, PPP (constant 2021 international $),NY.GDP.PCAP.PP.KD,Honduras,HND,6352.58710177732
"GDP per capita, PPP (constant 2021 international $),NY.GDP.PCAP.PP.KD,""Hong Kong SAR, China"",HKG,64036.6454154727"
GDP per capita, PPP (constant 2021 international $),NY.GDP.PCAP.PP.KD,Hungary,HUN,40610.9711368238
GDP per capita, PPP (constant 2021 international $),NY.GDP.PCAP.PP.KD,Iceland,ISL,65380.3173049324
GDP per capita, PPP (constant 2021 international $),NY.GDP.PCAP.PP.KD,India,IND,8594.39190499879
GDP per capita, PPP (constant 2021 international $),NY.GDP.PCAP.PP.KD,Indonesia,IDN,13334.2653947637
"GDP per capita, PPP (constant 2021 international $),NY.GDP.PCAP.PP.KD,""Iran, Islamic Rep."",IRN,16377.9610645368"
GDP per capita, PPP (constant 2021 international $),NY.GDP.PCAP.PP.KD,Iraq,IRQ,13433.3977166987
GDP per capita, PPP (constant 2021 international $),NY.GDP.PCAP.PP.KD,Ireland,IRL,123219.076059494
GDP per capita, PPP (constant 2021 international $),NY.GDP.PCAP.PP.KD,Isle of Man,IMN,..
GDP per capita, PPP (constant 2021 international $),NY.GDP.PCAP.PP.KD,Israel,ISR,48098.187235579
GDP per capita, PPP (constant 2021 international $),NY.GDP.PCAP.PP.KD,Italy,ITA,52333.3274270604
GDP per capita, PPP (constant 2021 international $),NY.GDP.PCAP.PP.KD,Jamaica,JAM,11096.6377085321
GDP per capita, PPP (constant 2021 international $),NY.GDP.PCAP.PP.KD,Japan,JPN,44972.3438362201
GDP per capita, PPP (constant 2021 international $),NY.GDP.PCAP.PP.KD,Jordan,JOR,9266.57538251337
GDP per capita, PPP (constant 2021 international $),NY.GDP.PCAP.PP.KD,Kazakhstan,KAZ,33506.2614893237
GDP per capita, PPP (constant 2021 international $),NY.GDP.PCAP.PP.KD,Kenya,KEN,5491.69378280246
GDP per capita, PPP (constant 2021 international $),NY.GDP.PCAP.PP.KD,Kiribati,KIR,3107.77604642687
"GDP per capita, PPP (constant 2021 international $),NY.GDP.PCAP.PP.KD,""Korea, Dem. People's Rep."",PRK,.."
"GDP per capita, PPP (constant 2021 international $),NY.GDP.PCAP.PP.KD,""Korea, Rep."",KOR,53228.6035655365"
GDP per capita, PPP (constant 2021 international $),NY.GDP.PCAP.PP.KD,Kosovo,XKX,13022.4627441502
GDP per capita, PPP (constant 2021 international $),NY.GDP.PCAP.PP.KD,Kuwait,KWT,51379.8833194119
GDP per capita, PPP (constant 2021 international $),NY.GDP.PCAP.PP.KD,Kyrgyz Republic,KGZ,6139.77788825006
GDP per capita, PPP (constant 2021 international $),NY.GDP.PCAP.PP.KD,Lao PDR,LAO,8183.03286472653
GDP per capita, PPP (constant 2021 international $),NY.GDP.PCAP.PP.KD,Latvia,LVA,37718.7097958367
GDP per capita, PPP (constant 2021 international $),NY.GDP.PCAP.PP.KD,Lebanon,LBN,11474.7505845558
GDP per capita, PPP (constant 2021 international $),NY.GDP.PCAP.PP.KD,Lesotho,LSO,2577.54544127769
GDP per capita, PPP (constant 2021 international $),NY.GDP.PCAP.PP.KD,Liberia,LBR,1578.99837069175
GDP per capita, PPP (constant 2021 international $),NY.GDP.PCAP.PP.KD,Libya,LBY,11450.0598552928
GDP per capita, PPP (constant 2021 international $),NY.GDP.PCAP.PP.KD,Liechtenstein,LIE,..
GDP per capita, PPP (constant 2021 international $),NY.GDP.PCAP.PP.KD,Lithuania,LTU,46651.2145810247
GDP per capita, PPP (constant 2021 international $),NY.GDP.PCAP.PP.KD,Luxembourg,LUX,132570.826463419
"GDP per capita, PPP (constant 2021 international $),NY.GDP.PCAP.PP.KD,""Macao SAR, China"",MAC,59921.441691873"
GDP per capita, PPP (constant 2021 international $),NY.GDP.PCAP.PP.KD,Madagascar,MDG,1602.71368352337
GDP per capita, PPP (constant 2021 international $),NY.GDP.PCAP.PP.KD,Malawi,MWI,1659.95933825168
GDP per capita, PPP (constant 2021 international $),NY.GDP.PCAP.PP.KD,Malaysia,MYS,32129.2217820113
GDP per capita, PPP (constant 2021 international $),NY.GDP.PCAP.PP.KD,Maldives,MDV,21357.8112511153
GDP per capita, PPP (constant 2021 international $),NY.GDP.PCAP.PP.KD,Mali,MLI,2813.81095962843
GDP per capita, PPP (constant 2021 international $),NY.GDP.PCAP.PP.KD,Malta,MLT,56841.8933687311
GDP per capita, PPP (constant 2021 international $),NY.GDP.PCAP.PP.KD,Marshall Islands,MHL,6936.86510911803
GDP per capita, PPP (constant 2021 international $),NY.GDP.PCAP.PP.KD,Mauritania,MRT,6053.26178155509
GDP per capita, PPP (constant 2021 international $),NY.GDP.PCAP.PP.KD,Mauritius,MUS,25085.9891959451
GDP per capita, PPP (constant 2021 international $),NY.GDP.PCAP.PP.KD,Mexico,MEX,21391.8573692427
"GDP per capita, PPP (constant 2021 international $),NY.GDP.PCAP.PP.KD,""Micronesia, Fed. Sts."",FSM,3814.99076486823"
GDP per capita, PPP (constant 2021 international $),NY.GDP.PCAP.PP.KD,Moldova,MDA,15358.0153548867
GDP per capita, PPP (constant 2021 international $),NY.GDP.PCAP.PP.KD,Monaco,MCO,..
GDP per capita, PPP (constant 2021 international $),NY.GDP.PCAP.PP.KD,Mongolia,MNG,15310.4349469163
GDP per capita, PPP (constant 2021 international $),NY.GDP.PCAP.PP.KD,Montenegro,MNE,25583.3675663587
GDP per capita, PPP (constant 2021 international $),NY.GDP.PCAP.PP.KD,Morocco,MAR,8690.4482421875
GDP per capita, PPP (constant 2021 international $),NY.GDP.PCAP.PP.KD,Mozambique,MOZ,1476.66560298097
GDP per capita, PPP (constant 2021 international $),NY.GDP.PCAP.PP.KD,Myanmar,MMR,5350.47666899931
GDP per capita, PPP (constant 2021 international $),NY.GDP.PCAP.PP.KD,Namibia,NAM,9953.09752403491
GDP per capita, PPP (constant 2021 international $),NY.GDP.PCAP.PP.KD,Nauru,NRU,12363.6457029853
GDP per capita, PPP (constant 2021 international $),NY.GDP.PCAP.PP.KD,Nepal,NPL,4763.38751073946
GDP per capita, PPP (constant 2021 international $),NY.GDP.PCAP.PP.KD,Netherlands,NLD,71324.0360349277
GDP per capita, PPP (constant 2021 international $),NY.GDP.PCAP.PP.KD,New Caledonia,NCL,..
GDP per capita, PPP (constant 2021 international $),NY.GDP.PCAP.PP.KD,New Zealand,NZL,49964.1765523158
GDP per capita, PPP (constant 2021 international $),NY.GDP.PCAP.PP.KD,Nicaragua,NIC,7277.82264804562
GDP per capita, PPP (constant 2021 international $),NY.GDP.PCAP.PP.KD,Niger,NER,1717.51891457684
GDP per capita, PPP (constant 2021 international $),NY.GDP.PCAP.PP.KD,Nigeria,NGA,7752.26206532009
GDP per capita, PPP (constant 2021 international $),NY.GDP.PCAP.PP.KD,North Macedonia,MKD,22822.2888086275
GDP per capita, PPP (constant 2021 international $),NY.GDP.PCAP.PP.KD,Northern Mariana Islands,MNP,..
GDP per capita, PPP (constant 2021 international $),NY.GDP.PCAP.PP.KD,Norway,NOR,91051.0831968407
GDP per capita, PPP (constant 2021 international $),NY.GDP.PCAP.PP.KD,Oman,OMN,39780.2122774985
GDP per capita, PPP (constant 2021 international $),NY.GDP.PCAP.PP.KD,Pakistan,PAK,5526.27928310213
GDP per capita, PPP (constant 2021 international $),NY.GDP.PCAP.PP.KD,Palau,PLW,16040.9080564681
GDP per capita, PPP (constant 2021 international $),NY.GDP.PCAP.PP.KD,Panama,PAN,33915.1526066674
GDP per capita, PPP (constant 2021 international $),NY.GDP.PCAP.PP.KD,Papua New Guinea,PNG,4125.49303365201
GDP per capita, PPP (constant 2021 international $),NY.GDP.PCAP.PP.KD,Paraguay,PRY,15259.1456311862
GDP per capita, PPP (constant 2021 international $),NY.GDP.PCAP.PP.KD,Peru,PER,15559.821643644
GDP per capita, PPP (constant 2021 international $),NY.GDP.PCAP.PP.KD,Philippines,PHL,9457.10395402883
GDP per capita, PPP (constant 2021 international $),NY.GDP.PCAP.PP.KD,Poland,POL,43405.0215797441
GDP per capita, PPP (constant 2021 international $),NY.GDP.PCAP.PP.KD,Portugal,PRT,41070.861152974
GDP per capita, PPP (constant 2021 international $),NY.GDP.PCAP.PP.KD,Puerto Rico (US),PRI,42310.9585064702
GDP per capita, PPP (constant 2021 international $),NY.GDP.PCAP.PP.KD,Qatar,QAT,114740.16518158
GDP per capita, PPP (constant 2021 international $),NY.GDP.PCAP.PP.KD,Romania,ROU,39256.9630375885
GDP per capita, PPP (constant 2021 international $),NY.GDP.PCAP.PP.KD,Russian Federation,RUS,38214.49609375
GDP per capita, PPP (constant 2021 international $),NY.GDP.PCAP.PP.KD,Rwanda,RWA,2892.45964942821
GDP per capita, PPP (constant 2021 international $),NY.GDP.PCAP.PP.KD,Samoa,WSM,6449.36505263744
GDP per capita, PPP (constant 2021 international $),NY.GDP.PCAP.PP.KD,San Marino,SMR,70887.573899815
GDP per capita, PPP (constant 2021 international $),NY.GDP.PCAP.PP.KD,Sao Tome and Principe,STP,5632.13890715047
GDP per capita, PPP (constant 2021 international $),NY.GDP.PCAP.PP.KD,Saudi Arabia,SAU,67178.5902274906
GDP per capita, PPP (constant 2021 international $),NY.GDP.PCAP.PP.KD,Senegal,SEN,4228.73382642974
GDP per capita, PPP (constant 2021 international $),NY.GDP.PCAP.PP.KD,Serbia,SRB,24651.8861871409
GDP per capita, PPP (constant 2021 international $),NY.GDP.PCAP.PP.KD,Seychelles,SYC,27978.1770550937
GDP per capita, PPP (constant 2021 international $),NY.GDP.PCAP.PP.KD,Sierra Leone,SLE,2934.73326430435
GDP per capita, PPP (constant 2021 international $),NY.GDP.PCAP.PP.KD,Singapore,SGP,133571.962410322
GDP per capita, PPP (constant 2021 international $),NY.GDP.PCAP.PP.KD,Sint Maarten (Dutch part),SXM,45515.6523389272
GDP per capita, PPP (constant 2021 international $),NY.GDP.PCAP.PP.KD,Slovak Republic,SVK,38664.9076949851
GDP per capita, PPP (constant 2021 international $),NY.GDP.PCAP.PP.KD,Slovenia,SVN,47050.0676441642
GDP per capita, PPP (constant 2021 international $),NY.GDP.PCAP.PP.KD,Solomon Islands,SLB,2330.10309195408
"GDP per capita, PPP (constant 2021 international $),NY.GDP.PCAP.PP.KD,""Somalia, Fed. Rep."",SOM,1387.54753732191"
GDP per capita, PPP (constant 2021 international $),NY.GDP.PCAP.PP.KD,South Africa,ZAF,13767.4967589936
GDP per capita, PPP (constant 2021 international $),NY.GDP.PCAP.PP.KD,South Sudan,SSD,..
GDP per capita, PPP (constant 2021 international $),NY.GDP.PCAP.PP.KD,Spain,ESP,46733.4809780536
GDP per capita, PPP (constant 2021 international $),NY.GDP.PCAP.PP.KD,Sri Lanka,LKA,13249.065064602
GDP per capita, PPP (constant 2021 international $),NY.GDP.PCAP.PP.KD,St. Kitts and Nevis,KNA,29749.8700864823
GDP per capita, PPP (constant 2021 international $),NY.GDP.PCAP.PP.KD,St. Lucia,LCA,22962.2818144554
GDP per capita, PPP (constant 2021 international $),NY.GDP.PCAP.PP.KD,St. Martin (French part),MAF,..
GDP per capita, PPP (constant 2021 international $),NY.GDP.PCAP.PP.KD,St. Vincent and the Grenadines,VCT,16835.023514541
GDP per capita, PPP (constant 2021 international $),NY.GDP.PCAP.PP.KD,Sudan,SDN,3132.0771484375
GDP per capita, PPP (constant 2021 international $),NY.GDP.PCAP.PP.KD,Suriname,SUR,18742.5873760369
GDP per capita, PPP (constant 2021 international $),NY.GDP.PCAP.PP.KD,Sweden,SWE,63088.4236678734
GDP per capita, PPP (constant 2021 international $),NY.GDP.PCAP.PP.KD,Switzerland,CHE,82777.293582076
GDP per capita, PPP (constant 2021 international $),NY.GDP.PCAP.PP.KD,Syrian Arab Republic,SYR,4454.85373271464
GDP per capita, PPP (constant 2021 international $),NY.GDP.PCAP.PP.KD,Tajikistan,TJK,4213.75618362687
GDP per capita, PPP (constant 2021 international $),NY.GDP.PCAP.PP.KD,Tanzania,TZA,3546.98095703125
GDP per capita, PPP (constant 2021 international $),NY.GDP.PCAP.PP.KD,Thailand,THA,20762.7952598527
GDP per capita, PPP (constant 2021 international $),NY.GDP.PCAP.PP.KD,Timor-Leste,TLS,5348.49200064987
GDP per capita, PPP (constant 2021 international $),NY.GDP.PCAP.PP.KD,Togo,TGO,2739.68813234711
GDP per capita, PPP (constant 2021 international $),NY.GDP.PCAP.PP.KD,Tonga,TON,6810.60970632543
GDP per capita, PPP (constant 2021 international $),NY.GDP.PCAP.PP.KD,Trinidad and Tobago,TTO,30784.1112580356
GDP per capita, PPP (constant 2021 international $),NY.GDP.PCAP.PP.KD,Tunisia,TUN,12712.22345453
GDP per capita, PPP (constant 2021 international $),NY.GDP.PCAP.PP.KD,Turkiye,TUR,33520.8111384208
GDP per capita, PPP (constant 2021 international $),NY.GDP.PCAP.PP.KD,Turkmenistan,TKM,17119.5744946142
GDP per capita, PPP (constant 2021 international $),NY.GDP.PCAP.PP.KD,Turks and Caicos Islands,TCA,28209.6242536079
GDP per capita, PPP (constant 2021 international $),NY.GDP.PCAP.PP.KD,Tuvalu,TUV,5498.18455447209
GDP per capita, PPP (constant 2021 international $),NY.GDP.PCAP.PP.KD,Uganda,UGA,2724.90609568409
GDP per capita, PPP (constant 2021 international $),NY.GDP.PCAP.PP.KD,Ukraine,UKR,13787.12109375
GDP per capita, PPP (constant 2021 international $),NY.GDP.PCAP.PP.KD,United Arab Emirates,ARE,70075.6300053372
GDP per capita, PPP (constant 2021 international $),NY.GDP.PCAP.PP.KD,United Kingdom,GBR,53139.151252206
GDP per capita, PPP (constant 2021 international $),NY.GDP.PCAP.PP.KD,United States,USA,72679.2575396348
GDP per capita, PPP (constant 2021 international $),NY.GDP.PCAP.PP.KD,Uruguay,URY,30804.7032775797
GDP per capita, PPP (constant 2021 international $),NY.GDP.PCAP.PP.KD,Uzbekistan,UZB,9607.56167273449
GDP per capita, PPP (constant 2021 international $),NY.GDP.PCAP.PP.KD,Vanuatu,VUT,3222.83595459346
"GDP per capita, PPP (constant 2021 international $),NY.GDP.PCAP.PP.KD,""Venezuela, RB"",VEN,.."
GDP per capita, PPP (constant 2021 international $),NY.GDP.PCAP.PP.KD,Viet Nam,VNM,12979.7639049934
GDP per capita, PPP (constant 2021 international $),NY.GDP.PCAP.PP.KD,Virgin Islands (U.S.),VIR,46479.2996685326
GDP per capita, PPP (constant 2021 international $),NY.GDP.PCAP.PP.KD,West Bank and Gaza,PSE,5753.08395899307
"GDP per capita, PPP (constant 2021 international $),NY.GDP.PCAP.PP.KD,""Yemen, Rep."",YEM,.."
GDP per capita, PPP (constant 2021 international $),NY.GDP.PCAP.PP.KD,Zambia,ZMB,3585.12379084347
GDP per capita, PPP (constant 2021 international $),NY.GDP.PCAP.PP.KD,Zimbabwe,ZWE,5036.76136109489
